ankitshriram_2003|1
sakshi.agarwala|1
beboto_10|1
gowriviswanath|1
amritanshu_shekhar05__|1
shubhamsoni1112|1
ganesh_m2412|1
jahnavibg|1
soumy.a14|1
ram_choudhary1729|1
k._.sriyaaa|1
_.jha_ji_here._|1
0__lohith|1manasi_priya317|0
_msrit_confessions|0
fashionhubmsrit|1
yestanishka|0
dhaneshjaydev|0
crazyyy.mehhh|0
msrit_confessions|1
arjun_golla|1
leks__1808|0
trashy_sasi|0
ishani22_|0
apurvashetty979|0
aniruddh_1907|1
msrit_share|1
ishan_2189|0
_vaibhav_singh_chauhan_|0
shashwat_singh____|0
sahil._836|0
samarth_.shinde|0
msrit25_confessions|1
yash_poojari98|0
sans_krit_.hi|1
ashhinger|0
waliasumeeeeet|0
nikhilchoudhary694|0
abhijeetttsingh|0
kaustubh__026|1
amri.tmishra|0
ujjwal_0669|0
arslaan_khurshied|0
pranjalraj28|0
rosa_nahor|1
gurtezsingh_|1
utkarsh_saxena_28|0
chxtann|0
mann_ki_baatein_03|1
_t_e_j_a_s__h|1
affan_ahamed_b|0
sumukhagbhat|0
ronit_010_|0
harshavardhan.bn|0
vedant_marda_22|0
koki_s10|0
raiyan_shk|0
dakshmehta29|0
_.lalit_singh._|1
vasuman_mishra_1402|0
the_harshsingh|1
_amritraj019_|0
yash_2429ag|0
_yash_67|0
con_jenish|0
animesh_manik10|0
its_aishwary|0
anjali_a_p|0
ai_vishnurat|1
ujjwal_kumar737|1
chommuz|1
aakashreddy2912|0
snehaldesai689|0
mxhul_xd|0
illlucifer|0
rahulsaraswat_|0
pranay_sharma03|0
jinbapat|1
ateeb.___|0
___as.k__|0
ramaiahfactory|1
rudra9472|0
__itz_.sid__|0
pratyush__6902|0
prashantkumar331998|1
roohdaar.__|1
manasi_priya317|0
neeraj.______|0
i.m_tarak|0
anirudh_s_ram|1
aniimathakur|0
srivaths_m|0
__akshat07_|0
arunittt._|0
yashswini07|0
shw_etha_09|-1
c_rachu_|1
mr_mnr_15|0
vyshanav_naik|0
_pxrthib_|0
nanditha__anand|0
aryanyadav_.05|1
as_if_1717|0
punyashree_raj|0
sathwik_sethu|0
popsiiiicles|0
shettyprutvi|0
akshat.in.gupta|0
dhanraj_pandya_26|0
_._k_.r_.i_.s_.h_._|0
priyansheesharma|0
dablo._.escobar|1
kv_singh_ror|0
_akxhh_|0
prajwaln68|0
sanskarkashyap_|0
its_the_otherguy|0
saad_shaikh17|0
chesthaagarwal|0
himanshi301|0
_.itspavi._|0
_y_u_v_a_a_a_|0
sanket.poojary_03|0
_avishrant24|0
haseeb.qadri_|0
prafull.kalisinge|0
diptanshu_10|0
shashankgtm|0
_.ganesh._m_|0
asvi_10_yash|0
adhithi_manjunath|0
a.y.u.s.h_setiya|0
neha_asangi_|0
manu_prabhakar_mj|0
bunny_952|0
_shraddha_.78|0
_.atharva7._|0
tamannagoel_06_|0
mandar.desurkar|0
keerthxnx___|0
soujanya_s_a_|0
aneesh_m_somayaji|0
allamaprabhumugalakhod|0
kirankumar.s.7165|0
_mk.33_|0
prajjjana_b|0
_msrcasc.confessions_|0
adrija_singh_|0
jedi_samy|0
therealhetjoshi|1
shreyanshmishra_12|0
dia._.jain|0
_chris.__b|0
_nisha_13|0
_ananddubey|0
tanvirs_2002|0
this_is_sethji|1
kashti_as|0
digo1894|0
shashwat_agarwal09|0
yuvraj_1708|0
shobhitjaiswal_|1
pratish_k3|0
a_udit_09|0
hrithik_sahani|1
laya_arun19|0
shravan_revanna|0
piyush_khodbole|0
_prateek_1001|0
mudit__mohan|0
_ayush_1509|0
prithvi_kr66|0
suryansh.017|0
mohammed_sami.a|0
anuj_2_5|0
ayu.sh.raj|0
anish_r_kulkarni|0
_ayush_1146_|0
